{
	"music_disc.ward":{
		"category":"music",
		"replace":"true",
		"sounds":[
			{
				"name":"hop",
				"stream":"true"
			}
		]
	},
	"music_disc.strad":{
		"category":"music",
		"replace":"true",
		"sounds":[
			{
				"name":"hop",
				"stream":"true"
			}
		]
	},
	"music_disc.stal":{
		"category":"music",
		"replace":"true",
		"sounds":[
			{
				"name":"hop",
				"stream":"true"
			}
		]
	},
	"music_disc.mellohi":{
		"category":"music",
		"replace":"true",
		"sounds":[
			{
				"name":"hop",
				"stream":"true"
			}
		]
	},
	"music_disc.mall":{
		"category":"music",
		"replace":"true",
		"sounds":[
			{
				"name":"hop",
				"stream":"true"
			}
		]
	},
	"music_disc.cat":{
		"category":"music",
		"replace":"true",
		"sounds":[
			{
				"name":"what is love",
				"stream":"true"
			}
		]
	},
	"music_disc.13":{
		"category":"music",
		"replace":"true",
		"sounds":[
			{
				"name":"1401588716-1-192 (online-audio-converter.com)",
				"stream":"true"
			}
		]
	},
	"music_disc.11":{
		"category":"music",
		"replace":"true",
		"sounds":[
			{
				"name":"1285219219-1-192 (online-audio-converter.com)",
				"stream":"true"
			}
		]
	},
	"music_disc.blocks":{
		"category":"music",
		"replace":"true",
		"sounds":[
			{
				"name":"ysl",
				"stream":"true"
			}
		]
	},
	"music_disc.chirp":{
		"category":"music",
		"replace":"true",
		"sounds":[
			{
				"name":"hop",
				"stream":"true"
			}
		]
	},
	"music_disc.far":{
		"category":"music",
		"replace":"true",
		"sounds":[
			{
				"name":"hop",
				"stream":"true"
			}
		]
	},
	"music_disc.wait":{
		"category":"music",
		"replace":"true",
		"sounds":[
			{
				"name":"hop",
				"stream":"true"
			}
		]
	}
}